,author,title,sent_complexity,avg_sent_complex,stdev_sent_complex
0, Jules Feiffer,"Bark, George","[11, 7, 9, 6, 6, 5, 9, 9, 8, 5, 7, 9, 6, 6, 5, 7, 11, 11, 5, 7, 7, 4, 4, 6, 6, 9, 7, 4, 4, 6, 6, 7, 7, 4, 4, 6, 6, 7, 7, 4, 4, 7, 4, 4, 6, 6, 15, 4, 4, 5, 5, 5, 5, 12, 7, 7]",6.5,2.29906813420444
1, Robert McCloskey,Blueberries for Sal,"[9, 10, 8, 10, 8, 4, 4, 6, 7, 8, 5, 9, 11, 9, 9, 6, 10, 9, 16, 12, 10, 13, 11, 9, 9, 10, 8, 12, 11, 18, 12, 11, 9, 10, 13, 6, 18, 10, 10, 12, 7, 9, 9, 9, 7, 10, 12, 6, 17, 17, 5, 6, 9, 12, 6, 11, 6, 7, 16, 10, 12, 12, 8, 16, 14, 8, 9, 9, 8, 9, 8, 14, 11, 12, 5, 5, 11, 19, 11, 10, 12]",9.950617283950617,3.2957182643878684
2, Bill Martin Jr,"Brown Bear, Brown Bear, What Do You See?","[11, 9, 11, 9, 11, 9, 11, 9, 11, 9, 11, 9, 11, 9, 11, 9, 11, 9, 11, 9, 7, 9, 8]",9.73913043478261,1.1875217638041444
3, Doreen Cronin,"Click, Clack, Moo Cows that Type","[6, 7, 7, 5, 5, 9, 5, 5, 5, 5, 5, 9, 8, 8, 14, 6, 5, 7, 7, 5, 8, 6, 6, 6, 10, 5, 5, 8, 8, 9, 7, 5, 5, 4, 6, 6, 6, 5, 5, 5, 6, 6, 8, 9, 6, 6, 8, 6, 6, 10, 6, 8, 7, 7, 8, 9, 9, 11, 8, 8, 6, 5, 5]",6.761904761904762,1.8319413392067947
4, Judi Barrett,Cloudy With a Chance of Meatballs,"[8, 6, 6, 9, 14, 7, 10, 4, 4, 7, 11, 6, 7, 12, 13, 8, 4, 4, 8, 7, 11, 10, 9, 9, 10, 8, 8, 8, 6, 6, 6, 7, 7, 9, 11, 8, 11, 10, 5, 8, 10, 7, 7, 9, 6, 8, 7, 9, 12, 8, 16, 8, 10, 15, 10, 8, 7, 8, 6, 16, 8, 7, 6, 6, 10, 9, 7, 11, 6, 9, 8, 10, 10, 9, 11, 6, 10, 9, 8, 10, 11, 6, 6, 6, 6, 7, 11, 10, 12, 8, 9, 4, 4, 8, 10, 16, 12, 13, 16, 12, 9, 8, 8, 17, 7, 10, 6, 12, 12, 13, 4]",8.756756756756756,2.835477353765254
5, Don Freeman,Corduroy,"[13, 10, 13, 11, 5, 5, 5, 11, 5, 5, 9, 9, 12, 9, 19, 11, 12, 9, 9, 8, 5, 16, 9, 10, 10, 7, 7, 6, 5, 9, 8, 8, 9, 7, 8, 9, 8, 9, 5, 10, 12, 10, 6, 5, 7, 11, 11, 12, 12, 14, 8, 5, 8, 7, 9, 5, 10, 8, 10, 10, 11, 13, 8, 6, 5, 7]",8.863636363636363,2.8861548480915804
6, H.A. Rey,Curious George,"[6, 7, 7, 6, 7, 6, 8, 13, 10, 10, 8, 15, 7, 9, 8, 8, 6, 8, 8, 8, 6, 13, 7, 13, 8, 8, 9, 6, 8, 6, 8, 6, 7, 6, 10, 5, 10, 7, 8, 13, 11, 7, 8, 6, 6, 6, 6, 6, 7, 6, 5, 7, 6, 7, 5, 4, 5, 6, 15, 12, 9, 5, 5, 5, 10, 7, 6, 5, 5, 5, 7, 6, 5, 5, 11, 9, 11, 7, 12, 8, 9, 9, 6, 9, 6, 8, 9, 11, 9, 6, 8, 7, 5, 7, 10, 11, 10, 6, 8, 6, 7, 7, 5, 8, 6, 10, 6, 7, 10, 10, 6, 6, 11, 11, 9]",7.756521739130434,2.301573391316116
7,Sheila McGraw,Love You Forever,"[7, 15, 5, 7, 11, 11, 15, 14, 11, 16, 5, 7, 10, 16, 10, 10, 8, 15, 5, 7, 9, 9, 10, 10, 8, 16, 5, 7, 12, 8, 8, 12, 8, 16, 6, 7, 12, 9, 9, 10, 4, 4, 12, 7, 7, 23, 9, 9, 8, 8, 16]",9.862745098039216,3.8400347621135773
8, Ruth Krauss,The Carrot Seed,"[6, 12, 12, 14, 6, 6, 12, 8, 12]",9.777777777777779,3.0469576001782417
9, Ezra Jack Keats,The snowy Day,"[7, 8, 10, 8, 15, 7, 17, 13, 16, 8, 17, 9, 9, 9, 9, 10, 7, 9, 8, 9, 6, 6, 6, 10, 8, 6, 6, 9]",9.357142857142858,3.2206286621701414
10, Esphyr Slobodkina,Caps for Sale,"[10, 10, 9, 13, 12, 8, 6, 5, 8, 9, 6, 5, 6, 6, 10, 16, 10, 10, 9, 12, 14, 6, 8, 7, 8, 13, 8, 9, 4, 9, 4, 9, 4, 7, 4, 7, 9, 6, 8, 7, 7, 12, 7, 16, 9, 9, 8, 9, 6, 8, 6, 9, 6, 8, 7, 9, 13, 6, 4, 4, 9, 10, 8, 6, 5]",8.184615384615384,2.7617848615165115
11, Sam McBratney,Guess How Much I Love You,"[14, 12, 14, 16, 12, 7, 8, 9, 12, 12, 11, 6, 8, 9, 5, 11, 12, 8, 12, 8, 11, 10, 9, 7, 10, 8, 8, 9, 10, 8, 9, 7, 10]",9.757575757575758,2.424999881665764
12, Crockett Johnson,Harold and the Purple Crayon,"[11, 10, 9, 11, 9, 14, 7, 7, 16, 14, 9, 9, 11, 9, 7, 6, 6, 7, 9, 9, 8, 8, 6, 7, 9, 10, 8, 7, 7, 6, 9, 8, 14, 9, 18, 11, 10, 9, 15, 13, 9, 8, 7, 8, 12, 10, 9, 7, 7, 7, 14, 6, 8, 12, 8, 7, 12, 9, 11, 6, 13, 5, 12, 8, 6, 8, 7, 8, 8]",9.18840579710145,2.6880053610132477
13, Patricia Polacco,The Keeping Quilt,"[13, 6, 13, 9, 8, 9, 5, 4, 5, 4, 5, 7, 8, 17, 7, 10, 12, 20, 14, 5, 8, 9, 13, 8, 15, 6, 6, 9, 14, 10, 6, 6, 6, 6, 10, 10, 14, 11, 8, 4, 4, 8, 8, 7, 11, 7, 7, 9, 7, 9, 11, 7, 8, 8, 9, 8, 7, 4, 4, 8, 12, 7, 21, 14, 8, 11, 8, 9]",8.838235294117647,3.587602403201922
14, Jacqueline Woodson,The Other Side,"[10, 9, 7, 11, 9, 10, 8, 6, 8, 9, 12, 13, 5, 5, 9, 14, 9, 8, 9, 6, 6, 7, 15, 7, 9, 10, 11, 7, 6, 6, 10, 9, 7, 6, 6, 10, 5, 9, 4, 10, 9, 6, 6, 5, 10, 11, 10, 7, 9, 14, 7, 12, 6, 9, 11, 7, 11, 6, 16, 5, 15, 6, 8, 10, 8, 13, 12, 12, 5, 8, 6]",8.690140845070422,2.750628861750026
15, Ludwig Bemelmans,Madeline,"[12, 9, 9, 10, 9, 11, 9, 9, 12, 9, 10, 8, 9, 6, 12, 8, 10, 7, 17, 8, 12, 12, 9, 15, 11, 5, 10, 9, 6, 11]",9.8,2.4684678108764824
16, Robert McCloskey,Make Way for Ducklings,"[9, 15, 15, 6, 10, 9, 9, 5, 9, 8, 14, 10, 8, 9, 12, 16, 12, 8, 8, 11, 9, 7, 10, 10, 12, 9, 8, 7, 9, 9, 8, 9, 10, 9, 15, 11, 11, 14, 12, 6, 10, 8, 12, 23, 5, 13, 7, 13, 10, 5, 7, 13, 9, 7, 10, 8, 11, 9, 5, 7, 5, 11, 5, 4, 4, 4, 9, 12, 12, 14, 12, 13, 9, 6, 4, 6, 14, 5, 9, 15, 11, 11, 13, 11, 7, 10, 13, 7, 9]",9.606741573033707,3.272692522823652
17, David Shannon,"No, David!","[8, 4, 4, 5, 5, 5, 4, 4, 4, 6, 5, 6, 7, 7, 7, 6, 7, 6, 7, 8, 6, 5, 4, 4, 6]",5.6,1.296148139681572
18, Jane Yolen,Own Moon,"[13, 6, 7, 12, 7, 9, 7, 7, 8, 9, 8, 7, 12, 6, 16, 16, 9, 9, 9, 7, 13, 12, 6, 5, 11, 6, 6, 6, 10, 6, 15, 8, 6, 10, 7, 10, 6, 10, 17, 10, 7, 8, 13, 8, 10, 14, 12, 10, 11, 12, 5, 13, 8, 15, 7, 10, 16, 6, 12, 7, 8, 7, 9, 10, 9, 12, 8, 11]",9.441176470588236,3.0116555586840024
19, Janell Cannon,Stellaluna,"[8, 6, 10, 16, 11, 7, 10, 7, 7, 8, 10, 9, 5, 6, 7, 5, 5, 11, 8, 9, 6, 6, 11, 5, 5, 7, 8, 7, 8, 5, 5, 10, 8, 9, 6, 12, 9, 10, 6, 5, 7, 11, 8, 10, 15, 5, 9, 7, 10, 8, 6, 6, 15, 7, 5, 8, 7, 7, 9, 5, 8, 9, 9, 8, 7, 11, 11, 7, 12, 11, 8, 12, 6, 5, 7, 9, 7, 9, 5, 6, 7, 9, 5, 6, 8, 8, 6, 9, 9, 4, 4, 9, 14, 7, 9, 6, 8, 6, 8, 5, 4, 9, 7, 9, 5, 10, 6, 7, 6, 7, 10, 11, 16, 9, 10, 8, 8, 8, 10, 6, 10, 11, 12, 18, 8, 9, 9, 12, 15, 9, 7, 9, 9, 7, 11, 10, 4, 8, 6, 6, 11, 9, 9, 8, 7, 9, 5, 12, 12, 5, 9, 9, 6, 10, 4, 10, 9, 6, 6, 11, 17, 9, 11, 7, 9, 13, 11, 12, 11, 17, 11, 12, 13, 10, 7]",8.485714285714286,2.7461290009385793
20, William Steig,Sylvester and the Magic Pebble,"[9, 9, 7, 9, 11, 13, 6, 10, 5, 11, 9, 12, 10, 13, 5, 12, 7, 5, 10, 10, 9, 15, 10, 10, 19, 6, 14, 15, 9, 13, 9, 7, 11, 12, 13, 15, 7, 6, 7, 18, 14, 10, 6, 6, 7, 9, 8, 6, 14, 8, 10, 11, 20, 8, 9, 9, 7, 7, 9, 11, 8, 8, 13, 11, 8, 13, 11, 6, 8, 9, 7, 8, 12, 7, 6, 8, 8, 6, 7, 5, 14, 15, 5, 7, 7, 6, 10, 11, 14, 7, 7, 10, 11, 4, 9, 6, 6, 7, 13, 6, 6, 5, 10, 7, 8, 12, 6, 21, 10, 9, 13, 13, 7, 10, 5, 12, 7, 12, 5, 7, 11, 11, 14, 8, 4]",9.392,3.33441689055223
21, Shel Silverstein,The Giving Tree,"[6, 4, 4, 6, 12, 9, 9, 8, 6, 4, 4, 5, 6, 6, 6, 6, 16, 11, 10, 6, 6, 10, 6, 8, 9, 8, 6, 7, 4, 4, 6, 12, 14, 14, 8, 6, 10, 9, 10, 10, 6, 7, 10, 8, 13, 13, 6, 8, 7, 4, 4, 7, 8, 6, 4, 4, 5, 6, 12, 10, 10, 11, 10, 13, 7, 10, 4, 4, 6, 6, 6, 4, 4, 11, 6, 11, 6, 7, 5, 6, 4]",7.530864197530864,2.910544557902009
22, Chris Van Allsburg,The Polar Express,"[7, 7, 7, 15, 11, 8, 10, 12, 10, 7, 11, 8, 7, 7, 9, 7, 9, 6, 5, 8, 7, 7, 11, 12, 7, 9, 10, 11, 15, 6, 10, 13, 7, 9, 9, 5, 18, 6, 11, 13, 7, 5, 5, 10, 11, 8, 12, 10, 9, 9, 6, 13, 13, 7, 6, 12, 7, 6, 12, 14, 13, 13, 7, 11, 7, 13, 9, 8, 7, 11, 8, 8, 10, 9, 8, 14, 8, 7, 10, 8, 8, 10, 6, 6, 7, 8, 8, 6, 12, 8, 6, 9, 7, 9, 10, 9, 8, 10, 10, 10, 13]",9.089108910891088,2.591299264698604
23, Rod Campbell,Dear Zoo,"[9, 6, 4, 4, 6, 6, 6, 4, 4, 6, 6, 6, 4, 4, 6, 6, 6, 4, 4, 6, 6, 6, 4, 4, 6, 6, 6, 4, 4, 6, 6, 6, 4, 4, 6, 6, 7, 4, 4, 6, 6]",5.317073170731708,1.1569308512811145
24, Virginia Lee Burton,The Little House,"[8, 8, 22, 11, 10, 10, 4, 4, 6, 14, 9, 15, 13, 10, 9, 8, 9, 11, 10, 7, 11, 9, 9, 12, 6, 9, 8, 4, 4, 7, 12, 10, 10, 11, 12, 9, 4, 4, 4, 5, 4, 4, 6, 7, 9, 6, 4, 4, 5, 4, 4, 4, 4, 4, 4, 4, 4, 8, 12, 11, 8, 8, 12, 9, 11, 7, 11, 9, 10, 13, 7, 9, 10, 8, 6, 8, 8, 4, 4, 6, 9, 8, 4, 4, 10, 12, 10, 11, 6, 6, 4, 4, 7, 6, 4, 4, 8, 12, 7, 11, 20, 13, 11, 15, 8, 11, 11, 11, 10, 13, 7, 9, 4, 4, 9, 10, 11, 11, 9, 9, 8, 9, 8, 9, 4, 4, 9, 4, 4, 7, 4, 4, 7, 4, 4, 6, 4, 4, 8]",7.928057553956834,3.3707166536624626
25, Dr. Seuss,The Lorax,"[10, 4, 4, 8, 21, 6, 6, 11, 7, 6, 5, 10, 8, 9, 15, 12, 9, 4, 4, 9, 17, 16, 11, 11, 5, 17, 14, 4, 4, 6, 4, 4, 6, 4, 4, 13, 4, 4, 7, 6, 4, 7, 6, 11, 8, 5, 4, 5, 12, 7, 8, 8, 11, 6, 7, 8, 7, 6, 9, 5, 10, 8, 6, 4, 4, 4, 6, 11, 6, 5, 5, 5, 11, 6, 8, 7, 9, 25, 8, 8, 6, 7, 8, 6, 7, 6, 6, 6, 6, 6, 5, 8, 6, 6, 5, 8, 7, 8, 13, 9, 13, 9, 9, 12, 10, 9, 9, 12, 7, 8, 10, 6, 7, 7, 6, 8, 15, 5, 4, 4, 4, 4, 4, 7, 8, 14, 7, 7, 4, 4, 4, 9, 7, 24, 15, 5, 4, 4, 11, 11, 8, 10, 12, 8, 8, 6, 10, 6, 4, 4, 6, 10, 6, 5, 9, 6, 7, 6, 6, 10, 9, 6, 6, 6, 8, 4, 4, 6, 9, 6, 9, 10, 6, 5, 5, 5, 7, 5, 8, 5, 4, 4, 9, 12, 13, 8, 6, 4, 4, 4, 6, 11, 4, 4, 5, 4, 4, 9, 8, 7, 12, 11, 6, 8, 4, 4, 4, 9, 6, 11, 11, 8, 6, 13, 6, 6, 8, 12, 5, 5, 20, 12, 6, 8, 6, 6, 5, 5, 9, 8, 9, 8, 4, 4, 4, 4, 4, 6, 6, 6, 4, 4, 6, 4, 4, 11, 11, 8, 4, 4, 6, 8, 7, 9, 11, 9, 11, 5, 5, 4, 4, 4, 7, 6, 6, 8, 11, 8, 5, 7, 6, 6, 6, 8, 8]",7.385454545454546,3.3516030455897683
26, Margaret Wise Brown,The Runaway Bunny,"[13, 9, 9, 6, 13, 13, 17, 13, 12, 11, 8, 13, 14, 12, 15, 13, 13, 13, 13, 14, 5, 6]",11.590909090909092,3.0400222922192666
27, Judith Viorst,"Alexander and the Terrible, Horrible, No Good, Very Bad Day","[27, 10, 10, 10, 7, 10, 10, 19, 5, 15, 13, 9, 9, 7, 15, 16, 11, 11, 11, 18, 11, 7, 14, 10, 10, 20, 9, 5, 9, 7, 7, 9, 12, 10, 14, 10, 10, 7, 9, 9, 11, 6, 15, 11, 8, 10, 5]",10.808510638297872,4.180187809444361
28, David Shannon,A Bad Case of Stripes,"[6, 6, 10, 12, 9, 13, 9, 9, 9, 5, 8, 6, 5, 7, 6, 8, 7, 5, 9, 8, 5, 10, 9, 9, 6, 15, 12, 9, 6, 5, 8, 11, 6, 7, 9, 13, 12, 11, 5, 6, 7, 9, 13, 9, 9, 7, 7, 7, 14, 6, 7, 8, 18, 11, 11, 6, 12, 12, 11, 8, 5, 8, 10, 10, 6, 13, 9, 7, 7, 8, 4, 10, 6, 6, 9, 7, 7, 7, 9, 9, 10, 9, 6, 6, 9, 11, 7, 5, 6, 8, 9, 8, 7, 5, 12, 8, 7, 6, 10, 8, 7, 14, 10, 8, 6, 8, 12, 8, 10, 16, 8, 5, 10, 11, 8, 14, 12, 8, 7, 10, 4, 4, 9, 8, 6, 7, 13, 9, 8, 8, 12, 8, 9, 8, 8, 8, 6, 6, 4, 7, 6, 7, 17, 6, 11, 6, 5, 6, 9, 12, 8, 9, 7, 14, 9, 6, 5, 5, 4, 4, 6, 10, 9, 6, 8, 6, 8, 6, 5, 6, 11, 8, 8, 6, 10, 10]",8.295454545454545,2.657147697117629
29, Mo Willems,Don’t Let the Pigeon Drive the Bus,"[11, 6, 4, 7, 7, 6, 5, 6, 4, 4, 9, 9, 12, 8, 5, 6, 7, 7, 4, 10, 7, 9, 7, 4, 4, 6, 11, 5, 5, 5, 4, 4, 4]",6.424242424242424,2.296641857151081
30, Audrey Wood,The Napping House,"[10, 13, 15, 17, 15, 19, 23, 6, 4, 4, 5, 10, 29]",13.076923076923077,7.384615384615385
31, Virginia Lee Burton ,Mike Mulligan and his Steam Shovel,"[7, 6, 7, 16, 9, 12, 14, 15, 17, 15, 14, 11, 10, 13, 9, 6, 10, 6, 10, 17, 8, 6, 13, 16, 13, 12, 16, 7, 7, 13, 9, 6, 6, 5, 7, 12, 12, 12, 12, 4, 19, 10, 6, 13, 7, 10, 11, 8, 5, 13, 8, 6, 14, 10, 7, 4, 4, 7, 5, 5, 5, 5, 10, 11, 10, 9, 11, 9, 10, 12, 15, 6, 9, 11, 6, 4, 4, 5, 10, 5, 5, 6, 6, 11, 5, 4, 4, 4, 4, 5, 6, 6, 8, 4, 4, 4, 5, 4, 4, 9, 6, 6, 8, 8, 12, 13, 5, 11, 4, 8, 12, 5, 4, 11, 22, 13, 9, 11, 16, 5, 19, 7, 11, 13, 11, 13, 7, 6, 12, 7, 6, 7, 6, 11, 7, 6, 7, 8, 8, 11, 7, 15, 13, 7, 4, 4, 8]",8.82312925170068,3.850436286388712
32, Jean De Brunhoff,The Story of Babar,"[6, 6, 7, 13, 8, 7, 7, 11, 11, 10, 8, 9, 11, 8, 4, 4, 18, 8, 5, 6, 13, 8, 10, 11, 12, 12, 8, 8, 6, 15, 10, 5, 8, 8, 12, 10, 6, 8, 11, 8, 7, 10, 8, 7, 8, 6, 8, 7, 13, 15, 10, 6, 9, 6, 8, 10, 9, 9, 11, 11, 14, 9, 6, 17, 9, 7, 6, 4, 4, 4, 13, 7, 8, 8, 11, 6, 11, 6, 6, 8, 10, 5, 5, 5, 5, 6, 5, 10, 6, 9, 8, 11, 19, 8, 7, 6, 7, 9, 11, 9, 7, 12, 13, 8, 11, 7, 9, 6, 6, 11, 7, 7]",8.598214285714286,2.9533873452739803
33,Maurice Sendak,Where the Wild Things Are,"[13, 12, 10, 22, 13, 13, 7, 7, 8, 16, 18, 14, 7, 19]",12.785714285714286,4.585358241629724
34,,The Tale of Peter Rabbit,"[9, 10, 12, 4, 10, 7, 9, 9, 10, 13, 12, 15, 15, 12, 8, 20, 8, 17, 18, 18, 11, 9, 7, 17, 12, 7, 7, 11, 11, 11, 11, 12, 10, 7, 8, 11, 9, 13, 14, 10, 7, 8, 10, 9, 13, 9, 12, 11, 11, 15, 12, 11, 15, 9, 12, 7, 4]",10.859649122807017,3.3162999699846636
35, Munro Leaf,The Story of Ferdinand,"[9, 9, 10, 7, 11, 9, 12, 10, 6, 7, 12, 12, 10, 11, 9, 16, 12, 15, 19, 13, 9, 13, 12, 7, 10, 4, 5, 7, 13, 10, 8, 7, 9, 7, 7, 4, 4, 8, 7, 11, 13, 13, 13, 13, 5, 16, 20, 5, 12, 9, 6, 18, 9, 12, 6, 5]",9.928571428571429,3.7314165390311365
36, P.D. Eastman,Are You My Mother?,"[7, 5, 6, 6, 7, 10, 11, 5, 9, 5, 5, 6, 6, 6, 5, 7, 6, 7, 6, 7, 9, 5, 6, 5, 6, 6, 7, 8, 10, 7, 7, 7, 5, 7, 6, 7, 7, 7, 5, 7, 6, 6, 6, 6, 10, 5, 7, 6, 7, 7, 5, 7, 6, 10, 6, 6, 6, 6, 7, 5, 7, 7, 6, 7, 6, 6, 6, 11, 8, 9, 5, 6, 6, 5, 6, 6, 5, 6, 6, 6, 6, 7, 6, 8, 6, 6, 6, 9, 6, 6, 6, 7, 7, 5, 6, 7, 5, 7, 7, 7, 10, 6, 10, 7, 6, 6, 6, 7, 6, 11, 8, 7, 6, 6, 9, 6, 5, 7, 6, 7, 8, 7, 13, 6, 6, 6, 6, 9, 7]",6.713178294573644,1.479544233456263
37, Kevin Henkes,Chrysanthemum ,"[9, 10, 6, 5, 6, 12, 11, 5, 5, 6, 7, 12, 13, 14, 14, 5, 17, 18, 14, 5, 9, 6, 7, 6, 5, 6, 6, 12, 9, 8, 11, 8, 5, 10, 9, 7, 15, 10, 5, 13, 7, 17, 9, 5, 6, 5, 6, 9, 6, 7, 9, 9, 7, 6, 14, 6, 13, 9, 6, 7, 8, 7, 5, 12, 12, 13, 5, 10, 9, 7, 9, 10, 13, 7, 17, 8, 4, 6, 4, 6, 9, 10, 10, 6, 6, 6, 11, 6, 10, 14, 9, 6, 11, 8, 7, 9, 9, 8, 11, 9, 15, 6, 9, 11, 7, 8, 8, 8, 12, 8, 6, 6, 11, 5, 10, 9, 8, 7, 6, 6, 9, 8, 11, 8, 11, 7, 6, 11, 7, 7, 8, 7, 6, 7, 6, 4, 10, 10, 7, 5, 5, 5, 5, 7, 9, 10, 9, 10, 6, 7, 7, 8, 10, 7, 6]",8.406451612903226,2.9264021159835303
38, Adam Rubin,Dragons Love Tacos,"[5, 9, 6, 6, 7, 8, 8, 6, 12, 7, 5, 7, 8, 8, 9, 7, 9, 7, 13, 4, 4, 13, 10, 8, 6, 6, 8, 7, 6, 6, 12, 15, 13, 6, 11, 11, 6, 8, 7, 9, 12, 6, 6, 6, 6, 4, 11, 4, 4, 11, 8, 8, 6, 8, 11, 5, 6, 4, 4, 4, 4, 4, 9, 6, 10, 7, 6]",7.507462686567164,2.6675111902483644
39, Alice Schertle,Little Blue Truck Leads the Way,"[7, 5, 8, 7, 5, 5, 5, 7, 6, 6, 6, 7, 6, 6, 7, 6, 6, 8, 6, 6, 5, 4, 5, 6, 6, 10, 5, 5, 4, 8, 5, 7, 11, 10, 6, 6, 8, 8, 6, 6, 6, 4, 6, 12, 5, 7, 9, 8, 6, 6, 8, 10, 10, 10, 12, 8, 8, 10, 6, 6, 7, 11, 8, 10]",7.015625,1.9644670675211127
40, Laura Joffe Numeroff,If You Give a Mouse a Cookie,"[13, 8, 10, 24, 10, 12, 13, 7, 10, 9, 12, 14, 10, 11, 16, 21, 10, 8, 13, 13, 12, 14, 10, 5, 4, 4, 12, 15]",11.428571428571429,4.313008325557294
41, Dr. Seuss,"Oh, the Places You’ll Go","[4, 6, 7, 6, 8, 8, 10, 7, 8, 13, 8, 8, 14, 12, 17, 8, 8, 11, 10, 6, 6, 8, 4, 5, 8, 8, 13, 12, 9, 9, 8, 8, 6, 11, 10, 7, 9, 9, 11, 10, 8, 10, 6, 8, 10, 9, 9, 6, 6, 8, 4, 4, 6, 5, 8, 12, 19, 5, 4, 4, 8, 15, 6, 14, 6, 4, 7, 11, 11, 13, 6, 10, 9, 10, 10, 10, 11, 4, 13, 8, 6, 12, 11, 5, 12, 16, 22, 10, 7, 7, 12, 7, 11, 12, 11, 9, 10, 9, 8, 5, 4, 6, 7, 8, 5, 4, 4, 9, 6, 6, 5, 4, 4, 7]",8.491228070175438,3.311981476225552
42, Watty Piper,The Little Engine That Could,"[6, 6, 8, 7, 11, 9, 10, 11, 11, 6, 15, 10, 6, 14, 12, 10, 16, 8, 6, 12, 17, 8, 5, 14, 7, 8, 7, 12, 10, 6, 11, 19, 8, 12, 8, 8, 9, 7, 6, 6, 8, 6, 11, 9, 6, 11, 19, 8, 7, 9, 5, 5, 6, 10, 12, 8, 11, 7, 6, 6, 7, 15, 6, 7, 8, 9, 19, 6, 11, 7, 7, 12, 16, 8, 8, 8, 8, 9]",9.26923076923077,3.4106660636930752
43, Margaret Wise Brown,Goodnight Moon,"[8, 19]",13.5,5.5
44, Bill Martin,Chicka Chicka Boom Boom,"[14, 6, 13, 10, 5, 6, 13, 5, 6, 9, 4, 6, 5, 5, 5, 7, 6, 5, 8, 7, 13, 9, 8, 6, 6, 7, 6, 5, 9, 8, 7, 7, 4, 4, 6, 6, 13, 12, 5]",7.333333333333333,2.804148331177911
45, Joanna Cole,I’m a Big Sister,"[7, 8, 6, 6, 6, 7, 7, 9, 9, 9, 8, 9, 10, 8, 6, 6, 7, 8, 6, 9, 5, 9, 13, 13, 8, 7, 8, 8, 7, 6, 8, 6, 6, 8, 8, 6, 6, 8, 8, 8]",7.675,1.6939229616484925
46, Dr. Seuss,Green Eggs and Ham,"[6, 5, 7, 7, 11, 6, 11, 7, 6, 7, 7, 7, 11, 7, 7, 8, 8, 7, 7, 7, 8, 7, 7, 6, 6, 6, 6, 7, 7, 7, 8, 6, 6, 6, 6, 6, 5, 7, 7, 6, 8, 7, 6, 7, 8, 8, 8, 8, 7, 7, 7, 8, 4, 4, 4, 4, 7, 6, 6, 6, 5, 6, 7, 7, 8, 8, 7, 7, 7, 8, 5, 6, 6, 7, 6, 7, 7, 6, 6, 6, 6, 8, 6, 6, 6, 6, 7, 7, 7, 8, 7, 7, 7, 7, 7, 8, 8, 6, 6, 6, 7, 8, 8, 8, 8, 7, 8, 7, 8, 7, 5, 6, 6, 5, 9, 5, 10, 6, 5, 7, 5, 7, 8, 8, 4, 4, 8, 7, 6, 7, 7, 9, 8, 8, 8, 8, 7, 5, 8, 7, 6, 7]",6.823943661971831,1.2520366269146785
47, H.A. Ray,Curious George Takes a Job,"[6, 7, 7, 14, 9, 12, 6, 7, 7, 11, 9, 17, 7, 8, 16, 9, 9, 8, 12, 10, 18, 12, 8, 12, 9, 7, 6, 7, 6, 6, 13, 4, 4, 8, 13, 10, 8, 10, 8, 7, 11, 15, 9, 16, 7, 7, 11, 7, 10, 10, 14, 10, 4, 4, 9, 7, 10, 13, 9, 7, 14, 8, 8, 12, 8, 8, 8, 7, 6, 9, 11, 9, 8, 6, 4, 4, 6, 9, 10, 12, 9, 8, 8, 12, 7, 6, 8, 7, 8, 8, 6, 6, 8, 7, 5, 12, 4, 4, 8, 5, 13, 10, 9, 12, 7, 12, 6, 7, 10, 6, 4, 4, 8, 6, 7, 10, 10, 19, 10, 13, 14, 10, 11, 8, 9, 12, 17, 8, 14, 9, 11, 13, 6, 14, 12, 7, 9, 7, 10, 4]",8.985714285714286,3.1486634676721263
48, Mo Willems,The Pigeon Finds a Hot Dog!,"[5, 4, 5, 5, 5, 5, 4, 4, 6, 8, 5, 5, 4, 4, 6, 9, 4, 4, 4, 7, 6, 6, 6, 13, 4, 4, 6, 6, 6, 6, 5, 6, 5, 4, 4, 10, 6, 5, 4, 4, 8, 4, 4, 7, 6, 6, 6, 6, 4, 4, 4, 6, 8, 6, 8, 5, 5, 9, 9, 12, 7, 5, 4, 4, 5]",5.707692307692308,1.9193194060000853
49, Penny Dale,Dinosaur Rescue,"[7, 6, 7, 5, 5, 5, 5, 5, 7, 5, 5, 5, 5, 10, 10, 5, 5, 5, 5, 9, 10, 6, 6, 6, 4, 7, 10, 5, 5, 5, 5, 7, 10, 5, 5, 5, 5, 5, 5, 5, 5, 8, 4, 4, 5, 4, 4, 4, 5, 9, 9, 5, 5, 5, 6, 6, 7, 5, 5, 5, 6, 7, 5, 5, 5, 5, 6, 6, 4, 4, 11, 5, 5, 5]",5.824324324324325,1.6954478648372828
50, David Shannon,Duck on a Bike,"[7, 11, 5, 13, 8, 8, 5, 6, 7, 8, 13, 7, 5, 6, 7, 13, 7, 6, 5, 6, 6, 6, 9, 6, 5, 6, 6, 10, 8, 6, 5, 6, 8, 6, 12, 10, 5, 6, 5, 4, 6, 17, 7, 5, 6, 8, 12, 8, 5, 6, 6, 9, 8, 5, 6, 6, 11, 8, 12, 8, 6, 6, 7, 5, 5, 7, 11, 4]",7.323529411764706,2.5749995800718573
51, Gene Zion,Harry the Dirty Dog,"[10, 4, 4, 6, 11, 4, 4, 7, 7, 11, 8, 8, 9, 9, 16, 10, 10, 11, 4, 4, 6, 10, 10, 7, 8, 6, 11, 9, 10, 10, 7, 8, 15, 6, 9, 16, 7, 10, 5, 6, 6, 6, 6, 6, 5, 7, 9, 10, 13, 16]",8.34,3.1407642382070002
52, Jane Yolen & Mark Teague,How Do Dinosaurs Say Good Night?,"[13, 6, 6, 14, 5, 13, 7, 6, 13, 9, 6, 6, 6, 6, 7, 8, 7, 4, 5]",7.7368421052631575,3.0408119632956403
53, Kevin Henkes,Lilly’s Purple Plastic Purse,"[6, 6, 6, 9, 8, 4, 7, 6, 8, 6, 7, 6, 7, 10, 6, 6, 10, 6, 8, 11, 12, 11, 14, 5, 6, 10, 11, 7, 8, 6, 8, 6, 14, 11, 7, 10, 6, 13, 8, 6, 8, 8, 7, 7, 7, 10, 6, 5, 7, 4, 4, 11, 16, 7, 4, 4, 10, 14, 7, 8, 10, 12, 6, 13, 9, 7, 6, 6, 9, 7, 10, 8, 9, 7, 7, 6, 7, 6, 6, 15, 8, 5, 12, 5, 6, 6, 11, 9, 9, 8, 6, 6, 6, 7, 11, 7, 6, 7, 6, 9, 6, 9, 8, 4, 4, 8, 5, 14, 10, 13, 11, 6, 6, 15, 22, 6, 6, 8, 8, 7, 12, 9, 8, 6, 7, 10, 11, 8, 7, 4, 4, 9, 6, 6, 5, 5, 6, 7, 6, 6, 6, 11, 8, 9, 6, 10, 12, 16, 16, 7, 8, 8, 6, 7, 6, 6, 6, 10, 10, 6, 12, 7, 9, 6, 7, 11, 10, 6, 10, 9, 12, 6, 6, 10, 6, 9, 8, 6, 5, 5, 5, 4, 4, 14, 13, 7, 5, 5, 10, 7, 9, 8, 9, 16, 4, 4, 5, 5, 19, 4, 4, 6, 6, 7]",7.96078431372549,3.017665532693264
54, Anna Dewdney,Llama Llama Red Pajama,"[8, 6, 6, 7, 6, 7, 7, 9, 6, 9, 8, 8, 7, 6, 8, 4, 4, 4, 6, 6, 7, 8, 6, 6, 7, 6, 4, 4, 8, 8, 5, 5, 6, 6, 9, 9, 9, 8, 4, 4, 8]",6.560975609756097,1.5934129727864463
55, Lucy Cousins,Maisy Goes to the Library,"[9, 11, 11, 7, 8, 7, 11, 6, 7, 8, 9, 5, 6, 7, 10, 6, 10, 6, 8, 6, 6, 5, 12, 4, 4, 6, 13, 7, 10, 5, 6, 5, 6, 5, 13, 10, 5, 8, 5, 5, 7]",7.439024390243903,2.4399998049560585
56, Ian Falconer,Olivia,"[6, 10, 10, 6, 8, 6, 11, 9, 9, 10, 10, 13, 10, 6, 10, 14, 10, 14, 7, 10, 7, 7, 7, 9, 11, 9, 5, 8, 7, 8, 6, 8, 6, 6, 5, 6, 14, 8, 10]",8.615384615384615,2.434952583283756
57, Stan & Jan Berenstain,The Berenstain Bears Forget Their Manners,"[10, 12, 12, 8, 9, 9, 15, 5, 4, 4, 6, 12, 10, 6, 7, 7, 16, 10, 9, 12, 5, 9, 5, 10, 7, 9, 7, 9, 9, 9, 4, 4, 7, 4, 4, 7, 4, 4, 6, 4, 4, 7, 4, 4, 7, 4, 4, 5, 4, 4, 6, 4, 4, 8, 4, 4, 6, 4, 4, 16, 12, 12, 9, 12, 5, 6, 8, 21, 11, 6, 9, 9, 6, 8, 13, 6, 6, 21, 8, 6, 13, 22, 6, 20, 7, 6, 4, 4, 9, 7, 7, 5, 15, 9, 11, 8, 10, 4, 4, 10, 6, 14, 8, 7, 14, 6, 6, 11, 13, 9, 11, 14, 14, 12, 13, 10, 16, 10, 14, 7, 7, 8, 10, 7, 4, 4, 4, 4, 4, 16, 6, 5, 5, 8, 4, 8, 7, 10, 10, 17, 11, 19, 9]",8.34965034965035,4.093759093316102
58, Jon Klassen,This is Not My Hat,"[6, 6, 7, 9, 8, 12, 16, 14, 10, 11, 10, 7, 10, 13, 8, 13, 11, 10, 8, 7, 5, 6, 6, 13, 7]",9.32,2.9081953166869656
59, Mercer Mayer,There’s an Alligator Under My Bed,"[11, 15, 7, 4, 4, 6, 10, 6, 8, 10, 9, 11, 9, 7, 7, 8, 6, 11, 7, 7, 7, 9, 7, 10, 13, 7]",8.307692307692308,2.523264533362573
60, Eric Carle,The Very Hungry Caterpillar,"[8, 9, 10, 7, 6, 8, 8, 8, 8, 10, 6, 6, 11, 10, 6, 8, 8, 10, 4, 4, 6]",7.666666666666667,1.9107050140703694
61, Mo Willems,Knuffle Bunny,"[9, 4, 8, 10, 10, 5, 6, 4, 4, 6, 9, 10, 8, 6, 5, 5, 5, 5, 9, 6, 4, 4, 4, 6, 15, 9, 12, 6, 7, 8, 8, 5, 4, 4, 5, 4, 4, 5, 4, 4, 11, 4, 10, 5, 4, 4, 4, 9]",6.395833333333333,2.635807777302603
62, David Soman and Jacky Davis,Ladybug Girl at the Beach,"[6, 8, 7, 6, 12, 14, 11, 12, 9, 7, 14, 6, 7, 9, 10, 12, 5, 4, 4, 9, 9, 8, 7, 11, 8, 13, 11, 12, 6, 13, 9, 8, 7, 11, 11, 10, 4, 4, 4, 7, 9, 7, 9, 9, 8, 11, 6, 6, 7, 8, 9, 7, 5, 16, 8, 10, 11, 5, 5, 14, 8, 9, 10, 7, 15, 11, 8, 6, 10, 6, 6, 6, 10, 7, 7, 10, 8, 9, 8, 10, 7, 10, 8, 11, 9, 6, 9, 8, 8, 7, 10, 8, 10, 8, 5, 8, 9]",8.525773195876289,2.548873951922043
63, Philip C. Stead,A Sick Day for Amos McGee,"[6, 8, 11, 8, 7, 9, 10, 12, 39, 8, 8, 17, 6, 4, 4, 7, 6, 7, 7, 9, 11, 6, 5, 4, 4, 4, 5, 6, 8, 9, 11, 12, 7, 7, 9, 10, 12, 7, 8, 6, 8, 10, 7, 7, 7, 7, 18]",8.680851063829786,5.3479221774550805
64, Jonathan London,Froggy Goes to Bed,"[6, 9, 12, 6, 6, 6, 8, 5, 6, 7, 7, 5, 7, 6, 11, 4, 7, 6, 7, 6, 7, 9, 7, 11, 6, 7, 6, 11, 4, 7, 6, 7, 6, 7, 9, 7, 6, 6, 6, 10, 6, 6, 11, 4, 7, 6, 7, 6, 7, 9, 7, 6, 6, 6, 12, 6, 6, 10, 4, 5, 7, 5, 8, 10, 8, 6, 6, 12, 8, 6, 8, 4, 4, 7, 10, 6, 8, 6, 6, 9, 7, 10, 12, 6, 10, 6, 9, 7, 6, 6, 4, 4, 8, 5, 7, 6, 10, 5, 6, 6, 4, 4, 7, 6, 5, 5, 4, 4, 5, 4, 4, 5, 4, 4, 10, 6, 10, 5, 9]",6.7899159663865545,2.053379872430179
65, Victoria Kann,Goldilicious,"[10, 12, 6, 8, 11, 6, 12, 8, 8, 13, 6, 13, 13, 5, 8, 6, 12, 5, 19, 10, 9, 12, 7, 6, 8, 7, 9, 11, 9, 8, 10, 7, 5, 9, 5, 11, 10, 9, 6, 7, 6, 4, 4, 9, 5, 11, 13, 10, 20, 7, 7, 9, 12, 7, 7, 7, 8, 6, 12, 9, 7, 6, 7, 5, 6, 20, 11, 7, 9, 11, 7, 21, 6, 12, 6, 15, 10, 10, 5, 11]",9.0125,3.5584187148226385
66, Lucy Cousins,Maisy Goes Camping,"[9, 6, 9, 7, 6, 4, 6, 6, 4, 4, 5, 4, 4, 8, 5, 7, 8, 7, 6, 6, 6, 6, 9, 6, 7, 6, 8, 6, 4, 6, 4, 4, 6, 6, 6, 6, 5, 5, 6, 5, 6, 5, 6, 5, 6, 7, 5, 4, 4]",5.836734693877551,1.360476188775425
67, Ian Falconer,Olivia. . . and the Missing Toy,"[9, 4, 4, 8, 10, 9, 12, 8, 4, 13, 6, 9, 8, 5, 6, 13, 10, 10, 6, 6, 9, 7, 7, 7, 6, 6, 6, 6, 6, 8, 14, 14, 6, 10, 7, 10, 6, 9, 5, 4, 4, 4, 10, 6, 6, 6, 10, 11, 12, 6, 12, 8, 6, 7, 7, 10, 5, 7, 7]",7.745762711864407,2.627063968813229
68, Anna Dewdney ,Llama llama home with mama,"[5, 7, 6, 5, 5, 5, 11, 11, 6, 4, 4, 7, 6, 5, 6, 6, 10, 6, 6, 6, 5, 8, 5, 6, 6, 6, 5, 5, 8, 7, 6, 6, 7, 8, 6, 6, 11, 6, 8, 7, 10, 7, 6, 4, 4, 7, 6, 8, 7, 6, 8, 4, 9, 6, 6, 6, 6, 6, 8, 9, 4, 4, 7]",6.4603174603174605,1.7166356615359712
69, Jason Carter Eaton,How to Train a Train,"[6, 6, 9, 16, 5, 7, 7, 9, 8, 7, 11, 5, 9, 12, 7, 10, 8, 5, 12, 4, 4, 9, 8, 10, 7, 17, 12, 4, 10, 4, 12, 11, 9, 11, 5, 5, 5, 12, 5, 8, 12, 7, 9, 10, 10, 8, 4, 4, 7, 13, 7, 13, 14, 8, 8, 8, 9, 6, 6, 4, 4, 9, 14, 4, 4, 13, 7, 6, 14, 10, 12, 10, 4, 16, 10, 5, 8]",8.415584415584416,3.2924575329851065
70, James Dean,Pete the Cat: The Wheels on the Bus,"[7, 7, 7, 8, 7, 9, 7, 7, 7, 7, 7, 7, 9, 6, 6, 9, 5, 9, 7, 7, 9, 5, 9, 7, 8, 10, 5, 7, 7, 8, 8, 8, 7, 9, 6, 11, 11, 5, 7, 7, 5, 5]",7.357142857142857,1.509043035951507
71, Ree Drummond,Charlie and the New Baby,"[5, 6, 8, 8, 7, 4, 4, 4, 4, 4, 7, 9, 5, 4, 4, 7, 12, 5, 10, 6, 7, 8, 8, 8, 6, 5, 4, 4, 8, 4, 4, 5, 11, 9, 7, 7, 7, 6, 7, 6, 8, 8, 6, 4, 4, 4, 7, 4, 4, 7, 7, 4, 4, 9, 9, 4, 4, 4, 4, 6, 6, 8, 4, 4, 4, 5, 16, 8, 7, 5, 6, 5, 5, 4, 5, 6, 8, 9, 5, 7, 4, 8, 6, 9, 8, 5, 5, 5, 10, 5, 8, 5, 10, 6, 10, 11, 7, 7, 4, 4, 5, 4, 4, 5, 4, 4, 5, 5, 8, 6, 10, 11, 5]",6.238938053097345,2.2391304265180807
72, Karma Wilson,Bear Wants More,"[7, 6, 8, 9, 6, 8, 7, 7, 9, 7, 6, 9, 5, 7, 6, 4, 8, 11, 9, 6, 8, 8, 8, 6, 4, 4, 6, 5, 4, 4, 10, 6, 6, 8, 7, 6, 4, 4, 6, 8, 7, 6, 7, 9, 6, 4, 4, 9, 8, 7, 4, 4, 5, 6, 8, 9, 8, 4, 4, 10, 8, 6, 7, 8, 8, 6, 4, 4, 6, 4, 4, 6]",6.486111111111111,1.8256890294074632
73, Norman Bridwell,Clifford at the Circus,"[9, 14, 9, 9, 9, 10, 14, 11, 13, 10, 6, 8, 6, 7, 9, 7, 7, 10, 7, 11, 8, 6, 7, 6, 9, 6, 14, 7, 6, 6, 7, 8, 6, 9, 6, 10, 8, 6, 7, 9, 8, 6, 6, 11, 6, 7, 5, 10, 8, 5, 8, 10, 7, 6, 7, 6, 6, 6, 7, 5, 8, 8, 7, 5, 12, 7]",7.9393939393939394,2.221648227062906
74, Dr. Seuss,The Cat in The Hat,"[6, 9, 7, 7, 7, 12, 10, 7, 6, 12, 5, 5, 5, 7, 5, 9, 7, 5, 9, 5, 6, 6, 12, 10, 11, 14, 10, 6, 8, 10, 10, 9, 6, 4, 9, 9, 7, 7, 10, 5, 5, 6, 6, 6, 11, 14, 8, 6, 8, 7, 6, 11, 7, 6, 7, 12, 8, 7, 11, 5, 4, 4, 7, 8, 6, 7, 7, 7, 5, 7, 5, 8, 6, 5, 6, 4, 4, 7, 7, 7, 11, 9, 7, 7, 8, 5, 7, 11, 6, 5, 6, 4, 4, 4, 8, 4, 4, 7, 7, 6, 6, 7, 8, 5, 5, 12, 8, 10, 7, 7, 7, 7, 11, 7, 9, 7, 7, 9, 8, 9, 7, 9, 8, 4, 4, 10, 6, 7, 4, 8, 7, 7, 9, 9, 10, 12, 7, 7, 4, 8, 7, 9, 8, 7, 8, 12, 10, 11, 6, 6, 4, 8, 8, 9, 6, 7, 7, 7, 7, 6, 6, 5, 9, 10, 12, 14, 5, 6, 7, 8, 5, 6, 6, 7, 5, 8, 9, 5, 5, 5, 5, 8, 6, 6, 6, 9, 10, 9, 12, 11, 9, 6, 6, 7, 7, 5, 8, 6, 11, 6, 4, 6, 5, 6, 5, 6, 8, 14, 7, 11, 11, 6, 7, 6, 6, 8, 10, 9, 6, 6, 7, 4, 4, 5, 6, 6, 5, 7, 9, 10, 7, 4, 6, 7, 8, 8, 5, 8, 5, 7, 7, 4, 4, 10, 12, 13, 6, 11, 10, 13, 6, 7, 10, 11, 7, 6, 4, 4, 4, 10]",7.338461538461538,2.3023527971114386
75, Mo Willems,The Duckling gets a cookie!?,"[4, 5, 7, 4, 4, 4, 7, 4, 7, 4, 7, 7, 7, 4, 4, 4, 5, 7, 4, 9, 5, 7, 9, 7, 7, 5, 15, 4, 4, 4, 10, 9, 7, 4, 4, 4, 5, 4, 4, 6, 7, 11, 13, 9, 11, 10, 4, 6, 6, 6, 7, 7, 8, 6, 8, 6, 6, 4, 4, 5, 6, 7, 5, 4, 4, 4, 5, 6, 5, 5, 5, 7, 6]",6.095890410958904,2.2765293433215263
76, Eric Carle,The Grouchy Ladybug,"[10, 8, 7, 11, 7, 8, 6, 7, 6, 7, 10, 5, 7, 12, 8, 7, 6, 7, 14, 9, 6, 6, 9, 7, 6, 6, 7, 8, 10, 6, 6, 7, 8, 10, 7, 6, 7, 9, 10, 7, 6, 7, 8, 10, 6, 6, 7, 8, 10, 7, 6, 7, 11, 10, 6, 6, 7, 10, 10, 7, 6, 7, 9, 10, 6, 6, 7, 8, 10, 7, 6, 7, 8, 10, 6, 6, 7, 9, 10, 6, 6, 7, 7, 10, 16, 6, 6, 14, 6, 6, 14, 10, 4, 4, 10, 10, 10, 7, 7, 8, 10, 9, 9, 11]",7.913461538461538,2.153309514190964
77, Jon Scieszka ,The True Story of the 3 little pigs!,"[8, 8, 11, 12, 6, 4, 8, 15, 7, 7, 9, 10, 8, 10, 13, 6, 7, 13, 6, 7, 8, 6, 12, 9, 13, 9, 5, 16, 10, 8, 5, 5, 6, 6, 6, 11, 7, 12, 6, 9, 8, 11, 7, 10, 8, 9, 7, 5, 6, 5, 7, 8, 9, 9, 12, 5, 5, 10, 13, 9, 6, 14, 12, 6, 7, 7, 8, 14, 7, 6, 10, 9, 7, 5, 6, 5, 7, 9, 8, 8, 6, 8, 12, 6, 16, 5, 5, 6, 8, 7, 9, 10, 8, 8, 8, 14, 10, 7, 6, 4, 6, 10]",8.303921568627452,2.7360670775169327
78, Andrea Zimmerman and David Clemesha,Trashy Town,"[6, 7, 7, 6, 7, 8, 5, 8, 7, 8, 5, 4, 6, 5, 8, 7, 8, 5, 4, 6, 5, 8, 7, 8, 5, 4, 6, 5, 10, 7, 8, 5, 4, 6, 5, 8, 7, 8, 5, 4, 8, 7, 8, 5, 5, 7, 7, 5, 6, 6, 6, 9, 6, 6, 6, 9, 4, 4, 6]",6.305084745762712,1.475842043912853
79, Drew Daywalt,The Day the Crayons Quit,"[11, 7, 8, 12, 12, 7, 11, 6, 5, 6, 14, 7, 4, 4, 18, 7, 12, 30, 6, 6, 10, 4, 4, 14, 10, 4, 4, 14, 5, 4, 4, 7, 7, 4, 10, 8, 13, 12, 7, 15, 7, 4, 4, 4, 4, 4, 5, 8, 15, 4, 4, 4, 4, 4, 15, 19, 7, 7, 8, 14, 13, 13, 12, 14, 6, 14, 8, 11, 10, 8, 9, 11, 11, 12, 7, 17, 6, 5, 11, 5, 8, 10, 6, 5, 7, 10, 13, 14, 14, 7, 11, 12, 7, 7, 9, 7, 11, 6, 5, 7, 4, 4, 9, 6, 8, 4, 4, 7]",8.546296296296296,4.286897045950471
80, Marc Brown,Arthur Writes a Story,"[10, 8, 5, 5, 13, 9, 12, 8, 13, 9, 9, 13, 7, 11, 13, 8, 9, 8, 9, 10, 7, 7, 5, 9, 9, 8, 7, 11, 6, 9, 13, 8, 6, 6, 9, 8, 6, 6, 5, 6, 9, 7, 7, 5, 6, 6, 6, 6, 8, 15, 7, 13, 6, 7, 11, 6, 6, 6, 10, 10, 11, 7, 4, 4, 4, 8, 12, 4, 4, 4, 6, 7, 5, 7, 7, 15, 6, 9, 6, 10, 12, 6, 8, 7, 13, 16, 13, 15, 16, 11, 10, 5, 6, 14, 6, 7, 10, 6, 8, 6]",8.32,2.9895819105687673
81, Rosemary Wells,Bunny Party,"[10, 8, 6, 7, 7, 7, 8, 6, 6, 6, 7, 8, 7, 9, 11, 6, 7, 11, 10, 7, 8, 9, 8, 11, 7, 7, 8, 7, 9, 9, 6, 7, 11, 11, 7, 11, 8, 7, 7, 7, 5, 6, 7, 6, 12, 10, 8, 6, 7, 7, 6, 7, 9, 7, 8, 6, 6, 6, 12]",7.796610169491525,1.7542168180251676
82, Laura Joffe Numeroff,If You Give a Moose a Muffin,"[13, 10, 13, 5, 5, 12, 13, 13, 12, 10, 10, 7, 14, 10, 8, 13, 10, 13, 10, 7, 12, 11, 17, 10, 11, 12, 14, 14, 13, 12, 8, 8, 5, 4, 4, 13]",10.444444444444445,3.1661792997277796
83, Mo Willems,That Is Not a Good Idea!,"[6, 6, 6, 10, 5, 4, 4, 5, 7, 11, 5, 6, 11, 9, 7, 13, 6, 7, 10, 7, 7, 7, 4, 9, 5]",7.08,2.381931988953505
84, Stan & Jan Berenstain,The Berenstain Bears and the Green-Eyed Monster,"[11, 11, 9, 8, 6, 11, 6, 5, 10, 9, 8, 6, 10, 13, 18, 6, 6, 7, 5, 7, 8, 10, 9, 13, 14, 12, 9, 10, 7, 8, 9, 5, 5, 4, 11, 15, 8, 10, 6, 14, 5, 6, 9, 6, 13, 12, 15, 6, 6, 8, 10, 6, 6, 11, 9, 11, 11, 11, 7, 6, 10, 5, 6, 10, 6, 8, 7, 12, 8, 10, 7, 6, 12, 12, 5, 6, 9, 10, 13, 12, 8, 6, 12, 12, 6, 9, 9, 8, 6, 6, 15, 12, 7, 6, 9, 7, 7, 6, 7, 6, 11, 8, 5, 8, 11, 5, 6, 11, 5, 10, 10, 7, 9, 8, 10, 12, 5, 10, 9, 13, 8, 7, 11, 11, 7, 7, 8, 5, 6, 16, 6, 18, 9, 9, 11]",8.762962962962963,2.8962489339690993
85, Robert N. Munsch,The Paper Bag Princess,"[6, 8, 12, 8, 10, 14, 8, 15, 13, 9, 9, 10, 7, 6, 12, 8, 8, 10, 7, 6, 6, 13, 6, 11, 8, 11, 13, 11, 11, 9, 10, 9, 6, 7, 11, 10, 8, 6, 9, 8, 11, 8, 9, 10]",9.25,2.3269664216040438
86, Laura Ingalls Wilder,Winter Days in the Big Woods,"[13, 9, 8, 9, 11, 10, 8, 12, 11, 7, 11, 13, 21, 9, 11, 6, 15, 8, 11, 10, 11, 10, 12, 10, 9, 15, 9, 8, 8, 14, 7, 11, 6, 7, 9]",10.257142857142858,2.9407759631270998
87, Katharine Holabird,Angelina Ice Skates,"[11, 9, 10, 14, 21, 7, 17, 7, 9, 6, 12, 12, 10, 6, 11, 10, 12, 9, 11, 8, 5, 10, 8, 9, 9, 5, 5, 9, 11, 13, 8, 8, 6, 11, 12, 13, 16, 6, 7, 10, 13, 7, 6, 12, 8, 6, 6, 11, 11, 8, 9, 6, 4, 9, 15, 9, 24, 12]",9.810344827586206,3.7299204787294946
88, Dr. Seuss,Horton Hears a Who!,"[8, 4, 4, 7, 4, 4, 7, 7, 7, 10, 7, 6, 8, 12, 6, 5, 6, 8, 7, 6, 18, 8, 4, 4, 4, 16, 16, 4, 4, 12, 9, 9, 11, 11, 6, 6, 6, 8, 5, 10, 6, 7, 6, 7, 9, 9, 5, 5, 6, 4, 4, 7, 8, 12, 9, 10, 11, 10, 9, 6, 5, 11, 12, 8, 7, 9, 7, 9, 7, 9, 4, 5, 7, 8, 9, 6, 6, 6, 7, 7, 11, 9, 7, 7, 13, 9, 10, 4, 5, 10, 6, 6, 14, 14, 14, 10, 5, 10, 11, 7, 11, 9, 8, 11, 5, 9, 15, 9, 19, 9, 6, 6, 8, 17, 7, 9, 13, 7, 6, 8, 9, 9, 6, 10, 10, 12, 7, 7, 4, 4, 7, 6, 6, 6, 6, 5, 5, 5, 5, 7, 13, 6, 12, 7, 6, 8, 6, 12, 6, 6, 12, 6, 6, 14, 7, 11, 15, 7, 16, 11, 7, 4, 4, 4, 11, 6, 4, 5, 4, 10, 8, 9, 5, 4, 4, 5, 5, 15, 6, 10, 8, 8, 17, 8, 6, 8, 6, 6, 6, 10, 9, 11, 6, 6, 9, 7, 5, 5, 9, 12, 8, 8, 6, 6, 10, 10, 7, 9, 15, 9, 6, 9, 9, 6, 8, 9, 7, 7, 7, 7, 8, 10, 7, 8, 10, 6, 10, 5, 7, 6, 9, 10, 9, 9, 7, 14, 7, 7, 16, 13, 5, 4, 4, 7, 7, 7, 19, 5, 10, 6, 5, 8, 8, 7, 4, 4, 7, 5, 8, 7, 5, 11, 4, 4, 15, 10, 6, 6, 14, 4, 4, 13, 7, 8, 13, 7]",7.97463768115942,3.122395995510984
89, Russell Hoban,Bread and Jam for Frances,"[8, 7, 7, 9, 7, 6, 6, 15, 10, 12, 6, 7, 7, 7, 11, 7, 6, 11, 18, 14, 6, 11, 8, 9, 6, 10, 10, 9, 6, 10, 4, 15, 7, 8, 16, 9, 4, 4, 4, 4, 4, 5, 9, 5, 6, 13, 7, 6, 6, 6, 7, 12, 8, 6, 9, 10, 11, 14, 5, 5, 5, 6, 10, 13, 6, 19, 6, 11, 8, 10, 7, 5, 7, 8, 11, 6, 6, 6, 10, 7, 8, 12, 11, 14, 11, 7, 9, 9, 6, 6, 6, 10, 16, 11, 8, 9, 7, 6, 10, 10, 10, 7, 8, 10, 7, 6, 9, 9, 8, 12, 10, 10, 10, 6, 8, 11, 10, 10, 7, 7, 7, 7, 8, 9, 8, 8, 10, 10, 8, 9, 9, 9, 12, 7, 7, 7, 10, 8, 10, 7, 8, 10, 5, 4, 4, 5, 4, 4, 4, 4, 4, 5, 20, 8, 9, 10, 7, 19, 6, 16, 8, 10, 9, 13, 4, 4, 4, 4, 4, 5, 7, 17, 8, 9, 6, 7, 12, 9, 8, 6, 6, 8, 6, 6, 8, 15, 9, 7, 11, 6, 20, 8, 7, 10, 16, 7, 10, 9, 11, 7, 11, 10, 15, 9, 13, 4]",8.504854368932039,3.279455870115393
90, Meghan McCarthy,Show Dog,"[6, 6, 7, 5, 17, 6, 7, 12, 6, 4, 4, 8, 8, 9, 5, 4, 4, 13, 6, 5, 7, 6, 7, 5, 10, 10, 6, 4, 4, 4, 11, 9, 9, 12, 17, 6, 6, 6, 6, 8, 6, 10, 6, 4, 4, 6, 10, 6, 7, 11, 4, 4, 4, 7, 4, 8, 5, 6, 9, 7, 5, 6, 6, 7, 4, 4, 5, 6, 6, 6, 6, 9, 7, 10, 6, 6, 10]",6.909090909090909,2.7501207443708093
91, James Marshall,George and Martha,"[13, 7, 6, 12, 9, 10, 13, 5, 9, 13, 8, 13, 6, 6, 9, 10, 13, 7, 7, 11, 9, 14, 6, 5, 9, 6, 11, 8, 18, 6, 11, 6, 11, 10, 15, 10, 9, 8, 6, 6, 7, 6, 10, 12, 11, 7, 6, 10, 10, 16, 8, 10, 7, 5, 14, 12, 7, 6, 5, 9, 16, 12, 6, 14, 6, 5, 9, 6, 5, 8, 6, 7, 11, 11, 6, 5, 8, 6, 14, 12, 10]",9.037037037037036,3.12079621228754
92, Barbara Cooney,Miss Rumphius,"[9, 8, 6, 7, 5, 7, 13, 10, 8, 15, 10, 8, 10, 10, 9, 15, 6, 6, 15, 6, 10, 8, 8, 7, 21, 13, 13, 7, 6, 9, 10, 9, 7, 12, 8, 8, 8, 7, 10, 14, 18, 10, 9, 8, 7, 10, 10, 9, 7, 14, 6, 12, 12, 6, 16, 14, 5, 14, 6, 12, 11, 9, 8, 8, 15, 7, 6, 7, 7, 15, 10, 10, 10, 14, 11, 9, 11, 9, 8, 9, 9, 8, 6, 7, 6, 9, 8, 9, 8, 10, 7, 6, 7, 7, 16, 8, 11, 8, 12, 15, 6, 5, 12, 8, 10]",9.476190476190476,3.1109491373449667
93, Sarah Stewart,The Gardener,"[16, 13, 6, 16, 6, 12, 13, 9, 19, 10, 5, 13, 5, 11, 10, 11, 15, 9, 9, 7, 11, 9, 6, 14, 13, 7, 5, 13, 7, 9, 7, 10, 8, 10, 7, 10, 25, 9, 17, 7, 10, 11, 11, 8, 6, 7, 13, 16, 10, 12, 10, 11, 9, 7, 9, 14, 7, 7, 9, 5, 7, 6, 10, 9, 11, 12, 8, 7, 7, 11, 10, 8, 7, 8, 11, 17, 7, 10, 16, 11, 16, 11, 14, 8, 8, 10, 11, 6]",10.090909090909092,3.540789471663717
94, Jan Brett,The Hat,"[7, 8, 12, 7, 8, 7, 8, 9, 11, 9, 8, 9, 5, 9, 5, 5, 5, 7, 7, 5, 8, 7, 5, 11, 9, 15, 11, 6, 5, 9, 11, 10, 12, 8, 5, 5, 5, 7, 5, 8, 9, 5, 11, 7, 6, 8, 17, 5, 6, 6, 5, 9, 12, 15, 8, 5, 9, 8, 9, 14, 8, 11, 14, 10, 6, 13]",8.318181818181818,2.892828598495853
95, Lourie Keller,Arnie the Doughnut,"[21, 12, 13, 11, 12, 16, 6, 5, 6, 12, 17, 6, 4, 4, 4, 10, 5, 6, 10, 5, 4, 7, 6, 5, 10, 15, 7, 6, 8, 11, 5, 7, 8, 6, 6, 10, 16, 9, 4, 4, 4, 6, 4, 4, 4, 9, 8, 9, 9, 4, 4, 12, 11, 9, 7, 8, 4, 5, 4, 4, 12, 12, 5, 4, 5, 7, 7, 10, 5, 9, 6, 6, 11, 10, 5, 12, 7, 11, 6, 8, 6, 10, 5, 4, 4, 9, 12, 5, 9, 11, 11, 14, 5, 6, 15, 11, 8, 5, 7, 8, 8, 7, 8, 11, 7, 6, 10, 11, 9, 15, 7, 4, 6, 7, 7, 4, 4, 13, 6, 8, 8, 12, 5, 4, 4, 6, 12, 5, 5, 4, 4, 5, 4, 4, 6, 11, 17, 5, 4, 4, 10, 5, 6, 5, 14, 9, 7, 8, 9, 11, 18, 16, 6, 5, 4, 4, 4, 4, 4, 5, 16, 13, 6, 5, 4, 4, 4, 4, 4, 8, 8, 9, 6, 8, 6, 7, 6, 16, 4, 7, 10, 13, 15, 19, 9, 9, 4, 4, 8, 6, 5, 7, 9, 11, 17, 6, 6, 6, 6, 6, 9, 6, 5, 10, 5, 6, 7, 15, 11, 13, 8, 7, 12, 11, 6, 9, 16, 17, 17, 5, 5, 18, 12, 5, 4, 5, 12, 7, 11, 6, 4, 5, 14, 6, 8, 7, 8, 7, 5, 12, 9, 6, 4, 4, 6, 9, 10, 8, 7, 5, 9, 9, 10, 8, 6, 14, 8, 12, 13, 5, 5, 8, 12, 6, 11, 9, 7, 7, 5, 8, 6, 6, 7, 5, 7, 12, 7, 6, 6, 8, 17, 16, 11, 8, 12, 6, 14, 8, 11, 10, 21, 7, 10, 9, 10, 6, 8, 12, 8, 7, 14, 5, 9, 13, 6, 5, 7, 4, 4, 15, 5, 6, 7, 7, 9, 18, 5, 11, 9, 12, 6, 11, 6, 10, 12, 6, 12, 10, 8, 13, 7, 7, 12, 6, 6, 6, 5, 6, 14, 8, 7, 4, 5, 6, 6, 8, 6, 6, 6, 14, 7]",8.11111111111111,3.6133129382000284
96, Elise Broach,When Dinosaurs came with everything,"[6, 11, 7, 4, 4, 9, 8, 9, 7, 10, 10, 7, 5, 6, 5, 6, 6, 6, 7, 10, 5, 8, 6, 5, 4, 4, 14, 6, 12, 6, 6, 15, 11, 10, 7, 6, 5, 6, 5, 5, 8, 6, 5, 6, 9, 5, 9, 7, 6, 5, 8, 8, 6, 6, 6, 7, 7, 8, 15, 7, 9, 7, 7, 7, 5, 8, 9, 6, 8, 8, 6, 15, 6, 8, 7, 8, 9, 6, 5, 6, 9, 12, 10, 9, 5, 5, 8, 9, 8, 11, 9, 4, 8, 14, 10, 7, 6, 5, 13, 8, 13, 11, 12, 6, 5, 8, 6, 6, 8, 5, 6, 6, 10, 5, 4, 5, 10, 11, 8, 6, 6, 9, 6, 6, 11, 7, 6, 9, 10, 11, 16, 9, 11, 6, 7, 9, 7, 5, 6, 8, 8, 7, 7, 8, 9, 11, 12, 9, 11, 10, 9, 9, 7, 8, 13]",7.787096774193548,2.539969765566038
97, Elisha Cooper,Train,"[7, 14, 6, 6, 4, 5, 5, 5, 7, 6, 7, 4, 6, 8, 8, 10, 7, 6, 6, 6, 7, 7, 5, 9, 7, 6, 8, 5, 7, 10, 6, 6, 13, 7, 8, 10, 9, 9, 9, 5, 15, 6, 7, 9, 8, 7, 7, 6, 7, 9, 6, 11, 9, 9, 4, 8, 8, 6, 10, 6, 7, 7, 7, 16, 12, 5, 11, 5, 6, 7, 14, 6, 6, 11, 7, 7, 5, 8, 5, 4, 11, 5, 6, 7, 7, 7, 7, 7, 6, 10, 8, 6, 9, 8, 7, 5, 6, 7, 6, 9, 8, 11, 11, 10, 5, 6, 10]",7.5233644859813085,2.3614734604761383
